{
    "name": "root",
    "metadata": {
        "timer_format_version": "0.1.0",
        "start_time_seconds": "1779779181",
        "python_version": "3.10.11 (tags/v3.10.11:7d4cc5a, Apr  5 2023, 00:38:17) [MSC v.1929 64 bit (AMD64)]",
        "command_line_arguments": "C:\\Users\\Nathan\\Documents\\GitHub\\projecto-coches\\pruebaia3\\Scripts\\mlagents-learn Assets\\Scripts\\IA\\NPC_Agent.yaml --run-id=demo2--force",
        "mlagents_version": "1.1.0",
        "mlagents_envs_version": "1.1.0",
        "communication_protocol_version": "1.5.0",
        "pytorch_version": "2.12.0+cpu",
        "numpy_version": "1.23.5",
        "end_time_seconds": "1779779190"
    },
    "total": 9.299924700055271,
    "count": 1,
    "self": 0.008668299997225404,
    "children": {
        "run_training.setup": {
            "total": 0.062046200037002563,
            "count": 1,
            "self": 0.062046200037002563
        },
        "TrainerController.start_learning": {
            "total": 9.229210200021043,
            "count": 1,
            "self": 5.370005965232849e-05,
            "children": {
                "TrainerController._reset_env": {
                    "total": 9.21697930013761,
                    "count": 1,
                    "self": 8.500389199936762,
                    "children": {
                        "demo_to_buffer": {
                            "total": 0.7165901002008468,
                            "count": 1,
                            "self": 1.7100246623158455e-05,
                            "children": {
                                "load_demonstration": {
                                    "total": 0.04162240005098283,
                                    "count": 1,
                                    "self": 0.03892579977400601,
                                    "children": {
                                        "read_file": {
                                            "total": 0.002696600276976824,
                                            "count": 15,
                                            "self": 0.002696600276976824
                                        }
                                    }
                                },
                                "make_demo_buffer": {
                                    "total": 0.6749505999032408,
                                    "count": 1,
                                    "self": 0.13842859491705894,
                                    "children": {
                                        "steps_from_proto": {
                                            "total": 0.5365220049861819,
                                            "count": 11198,
                                            "self": 0.3919186929706484,
                                            "children": {
                                                "_process_rank_one_or_two_observation": {
                                                    "total": 0.14460331201553345,
                                                    "count": 22395,
                                                    "self": 0.14460331201553345
                                                }
                                            }
                                        }
                                    }
                                }
                            }
                        }
                    }
                },
                "TrainerController._save_models": {
                    "total": 0.012177199823781848,
                    "count": 1,
                    "self": 0.00016629998572170734,
                    "children": {
                        "RLTrainer._checkpoint": {
                            "total": 0.01201089983806014,
                            "count": 1,
                            "self": 0.01201089983806014
                        }
                    }
                }
            }
        }
    }
}