{
    "name": "root",
    "gauges": {
        "NPCAgent.Policy.Entropy.mean": {
            "value": 1.0845236778259277,
            "min": 1.0845236778259277,
            "max": 1.5687768459320068,
            "count": 7
        },
        "NPCAgent.Policy.Entropy.sum": {
            "value": 10815.955078125,
            "min": 4962.041015625,
            "max": 13004.5576171875,
            "count": 7
        },
        "NPCAgent.Step.mean": {
            "value": 329968.0,
            "min": 269973.0,
            "max": 329968.0,
            "count": 7
        },
        "NPCAgent.Step.sum": {
            "value": 329968.0,
            "min": 269973.0,
            "max": 329968.0,
            "count": 7
        },
        "NPCAgent.Policy.ExtrinsicValueEstimate.mean": {
            "value": 1.5776333808898926,
            "min": 1.5776333808898926,
            "max": 2.910642623901367,
            "count": 7
        },
        "NPCAgent.Policy.ExtrinsicValueEstimate.sum": {
            "value": 247.68844604492188,
            "min": 145.53213500976562,
            "max": 454.05267333984375,
            "count": 7
        },
        "NPCAgent.Policy.GailValueEstimate.mean": {
            "value": 18.528087615966797,
            "min": 18.528087615966797,
            "max": 46.44777297973633,
            "count": 7
        },
        "NPCAgent.Policy.GailValueEstimate.sum": {
            "value": 2908.90966796875,
            "min": 2322.388671875,
            "max": 5921.6728515625,
            "count": 7
        },
        "NPCAgent.Environment.EpisodeLength.mean": {
            "value": 4240.666666666667,
            "min": 1356.5,
            "max": 4240.666666666667,
            "count": 7
        },
        "NPCAgent.Environment.EpisodeLength.sum": {
            "value": 12722.0,
            "min": 2713.0,
            "max": 12722.0,
            "count": 7
        },
        "NPCAgent.Environment.CumulativeReward.mean": {
            "value": 51.66165594135722,
            "min": 9.024999612942338,
            "max": 51.66165594135722,
            "count": 7
        },
        "NPCAgent.Environment.CumulativeReward.sum": {
            "value": 154.98496782407165,
            "min": 18.049999225884676,
            "max": 154.98496782407165,
            "count": 7
        },
        "NPCAgent.Policy.ExtrinsicReward.mean": {
            "value": 51.66165594135722,
            "min": 9.024999612942338,
            "max": 51.66165594135722,
            "count": 7
        },
        "NPCAgent.Policy.ExtrinsicReward.sum": {
            "value": 154.98496782407165,
            "min": 18.049999225884676,
            "max": 154.98496782407165,
            "count": 7
        },
        "NPCAgent.Policy.GailReward.mean": {
            "value": 1130.0105912921329,
            "min": 423.35663771629333,
            "max": 1130.0105912921329,
            "count": 7
        },
        "NPCAgent.Policy.GailReward.sum": {
            "value": 3390.031773876399,
            "min": 869.0335216522217,
            "max": 3872.49743758142,
            "count": 7
        },
        "NPCAgent.IsTraining.mean": {
            "value": 1.0,
            "min": 1.0,
            "max": 1.0,
            "count": 7
        },
        "NPCAgent.IsTraining.sum": {
            "value": 1.0,
            "min": 1.0,
            "max": 1.0,
            "count": 7
        },
        "NPCAgent.Losses.PolicyLoss.mean": {
            "value": 0.04444430837368903,
            "min": 0.04444430837368903,
            "max": 0.052033782073218994,
            "count": 6
        },
        "NPCAgent.Losses.PolicyLoss.sum": {
            "value": 0.04444430837368903,
            "min": 0.04444430837368903,
            "max": 0.09480359741185869,
            "count": 6
        },
        "NPCAgent.Losses.ValueLoss.mean": {
            "value": 2.2342308511336646,
            "min": 2.2342308511336646,
            "max": 6.245790418237448,
            "count": 6
        },
        "NPCAgent.Losses.ValueLoss.sum": {
            "value": 2.2342308511336646,
            "min": 2.2342308511336646,
            "max": 11.921726835270722,
            "count": 6
        },
        "NPCAgent.Policy.LearningRate.mean": {
            "value": 0.0002805353464882199,
            "min": 0.0002805353464882199,
            "max": 0.00028349580550139994,
            "count": 6
        },
        "NPCAgent.Policy.LearningRate.sum": {
            "value": 0.0002805353464882199,
            "min": 0.0002805353464882199,
            "max": 0.0005645259718246799,
            "count": 6
        },
        "NPCAgent.Policy.Epsilon.mean": {
            "value": 0.19351178000000005,
            "min": 0.19351178000000005,
            "max": 0.1944986,
            "count": 6
        },
        "NPCAgent.Policy.Epsilon.sum": {
            "value": 0.19351178000000005,
            "min": 0.19351178000000005,
            "max": 0.38817532000000005,
            "count": 6
        },
        "NPCAgent.Policy.Beta.mean": {
            "value": 0.004676237822000001,
            "min": 0.004676237822000001,
            "max": 0.004725480140000001,
            "count": 6
        },
        "NPCAgent.Policy.Beta.sum": {
            "value": 0.004676237822000001,
            "min": 0.004676237822000001,
            "max": 0.009409948468000001,
            "count": 6
        },
        "NPCAgent.Policy.GAILPolicyEstimate.mean": {
            "value": 0.2470995212594668,
            "min": 0.2470995212594668,
            "max": 0.398532148450613,
            "count": 6
        },
        "NPCAgent.Policy.GAILPolicyEstimate.sum": {
            "value": 0.2470995212594668,
            "min": 0.2470995212594668,
            "max": 0.7068565211569269,
            "count": 6
        },
        "NPCAgent.Policy.GAILExpertEstimate.mean": {
            "value": 0.7078048462669054,
            "min": 0.598289909462134,
            "max": 0.7214208524674177,
            "count": 6
        },
        "NPCAgent.Policy.GAILExpertEstimate.sum": {
            "value": 0.7078048462669054,
            "min": 0.598289909462134,
            "max": 1.3555893767625093,
            "count": 6
        },
        "NPCAgent.Losses.GAILLoss.mean": {
            "value": 0.7365297997991244,
            "min": 0.7365297997991244,
            "max": 1.0810134919981162,
            "count": 6
        },
        "NPCAgent.Losses.GAILLoss.sum": {
            "value": 0.7365297997991244,
            "min": 0.7365297997991244,
            "max": 1.868736737097303,
            "count": 6
        },
        "NPCAgent.Policy.GAILGradMagLoss.mean": {
            "value": 0.1914921454153955,
            "min": 0.05821094029427817,
            "max": 0.2032352793806543,
            "count": 6
        },
        "NPCAgent.Policy.GAILGradMagLoss.sum": {
            "value": 0.1914921454153955,
            "min": 0.05821094029427817,
            "max": 0.22954943131965894,
            "count": 6
        },
        "NPCAgent.Losses.PretrainingLoss.mean": {
            "value": 0.0,
            "min": 0.0,
            "max": 1.0010944092715228,
            "count": 6
        },
        "NPCAgent.Losses.PretrainingLoss.sum": {
            "value": 0.0,
            "min": 0.0,
            "max": 1.0010944092715228,
            "count": 6
        }
    },
    "metadata": {
        "timer_format_version": "0.1.0",
        "start_time_seconds": "1781100622",
        "python_version": "3.10.11 (tags/v3.10.11:7d4cc5a, Apr  5 2023, 00:38:17) [MSC v.1929 64 bit (AMD64)]",
        "command_line_arguments": "C:\\Users\\Nathan\\AppData\\Local\\Programs\\Python\\Python310\\Scripts\\mlagents-learn Assets\\Scripts\\IA\\NPC_Agent.yaml --run-id=definitivo1 --resume --initialize-from=EscenarioC",
        "mlagents_version": "1.1.0",
        "mlagents_envs_version": "1.1.0",
        "communication_protocol_version": "1.5.0",
        "pytorch_version": "2.12.0+cpu",