{
    "name": "root",
    "metadata": {
        "timer_format_version": "0.1.0",
        "start_time_seconds": "1779807597",
        "python_version": "3.10.11 (tags/v3.10.11:7d4cc5a, Apr  5 2023, 00:38:17) [MSC v.1929 64 bit (AMD64)]",
        "command_line_arguments": "C:\\Users\\Nathan\\Documents\\GitHub\\projecto-coches\\pruebaia3\\Scripts\\mlagents-learn Assets\\Scripts\\IA\\NPC_Agent.yaml --run-id=demo3--force",
        "mlagents_version": "1.1.0",
        "mlagents_envs_version": "1.1.0",
        "communication_protocol_version": "1.5.0",
        "pytorch_version": "2.12.0+cpu",
        "numpy_version": "1.23.5",
        "end_time_seconds": "1779807678"
    },
    "total": 81.45025150012225,
    "count": 1,
    "self": 10.00460880016908,
    "children": {
        "run_training.setup": {
            "total": 0.1256949999369681,
            "count": 1,
            "self": 0.1256949999369681
        },
        "TrainerController.start_learning": {
            "total": 71.3199477000162,
            "count": 1,
            "self": 0.10361190047115088,
            "children": {
                "TrainerController._reset_env": {
                    "total": 10.022634600056335,
                    "count": 1,
                    "self": 9.088132100179791,
                    "children": {
                        "demo_to_buffer": {
                            "total": 0.9345024998765439,
                            "count": 1,
                            "self": 5.929986946284771e-05,
                            "children": {
                                "load_demonstration": {
                                    "total": 0.06589119997806847,
                                    "count": 1,
                                    "self": 0.0652661002241075,
                                    "children": {
                                        "read_file": {
                                            "total": 0.0006250997539609671,
                                            "count": 4,
                                            "self": 0.0006250997539609671
                                        }
                                    }
                                },
                                "make_demo_buffer": {
                                    "total": 0.8685520000290126,
                                    "count": 1,
                                    "self": 0.15848790924064815,
                                    "children": {
                                        "steps_from_proto": {
                                            "total": 0.7100640907883644,
                                            "count": 10714,
                                            "self": 0.43081158376298845,
                                            "children": {
                                                "_process_rank_one_or_two_observation": {
                                                    "total": 0.27925250702537596,
                                                    "count": 42856,
                                                    "self": 0.27925250702537596
                                                }
                                            }
                                        }
                                    }
                                }
                            }
                        }
                    }
                },
                "TrainerController.advance": {
                    "total": 61.14082729956135,
                    "count": 6201,
                    "self": 0.0923762833699584,
                    "children": {
                        "env_step": {
                            "total": 57.63742420007475,
                            "count": 6201,
                            "self": 49.83099679183215,
                            "children": {
                                "SubprocessEnvManager._take_step": {
                                    "total": 7.739314907928929,
                                    "count": 6202,
                                    "self": 0.2404592027887702,
                                    "children": {
                                        "TorchPolicy.evaluate": {
                                            "total": 7.4988557051401585,
                                            "count": 5325,
                                            "self": 7.4988557051401585
                                        }
                                    }
                                },
                                "workers": {
                                    "total": 0.06711250031366944,
                                    "count": 6200,
                                    "self": 0.0,
                                    "children": {
                                        "worker_root": {
                                            "total": 54.87761319777928,
                                            "count": 6200,
                                            "is_parallel": true,
                                            "self": 18.892720710719004,
                                            "children": {
                                                "steps_from_proto": {
                                                    "total": 0.0005468002054840326,
                                                    "count": 2,
                                                    "is_parallel": true,
                                                    "self": 0.0002637000288814306,
                                                    "children": {
                                                        "_process_rank_one_or_two_observation": {
                                                            "total": 0.000283100176602602,
                                                            "count": 8,
                                                            "is_parallel": true,
                                                            "self": 0.000283100176602602
                                                        }
                                                    }
                                                },
                                                "UnityEnvironment.step": {
                                                    "total": 35.984345686854795,
                                                    "count": 6200,
                                                    "is_parallel": true,
                                                    "self": 0.42797136190347373,
                                                    "children": {
                                                        "UnityEnvironment._generate_step_input": {
                                                            "total": 0.3084870013408363,
                                                            "count": 6200,
                                                            "is_parallel": true,
                                                            "self": 0.3084870013408363
                                                        },
                                                        "communicator.exchange": {
                                                            "total": 33.74254131759517,
                                                            "count": 6200,
                                                            "is_parallel": true,
                                                            "self": 33.74254131759517
                                                        },
                                                        "steps_from_proto": {
                                                            "total": 1.5053460060153157,
                                                            "count": 6200,
                                                            "is_parallel": true,